<environments>
    <environment default="true" name="Production">
        <Server name="Server">
            <context>CI</context>
            <admin_username/>
            <deploy_dir>D:\tomcat-7.0.14\webapps</deploy_dir>
            <additional_context/>
            <port>3030</port>
            <admin_password/>
            <version>7.0.x</version>
            <type>Apache Tomcat</type>
            <remoteDeployment>false</remoteDeployment>
            <host>localhost</host>
            <protocol>http</protocol>
        </Server>
        <WebService name="Webservice">
            <port>6060</port>
            <password/>
            <context>eshop</context>
            <host>172.16.17.180</host>
            <protocol>http</protocol>
            <username/>
        </WebService>
    </environment>
</environments>
